# ************************************************************
# Sequel Pro SQL dump
# Version 4096
#
# http://www.sequelpro.com/
# http://code.google.com/p/sequel-pro/
#
# Host: localhost (MySQL 5.5.28)
# Database: buddybeeper
# Generation Time: 2013-07-18 21:17:51 +0000
# ************************************************************


/*!40101 SET @OLD_CHARACTER_SET_CLIENT=@@CHARACTER_SET_CLIENT */;
/*!40101 SET @OLD_CHARACTER_SET_RESULTS=@@CHARACTER_SET_RESULTS */;
/*!40101 SET @OLD_COLLATION_CONNECTION=@@COLLATION_CONNECTION */;
/*!40101 SET NAMES utf8 */;
/*!40014 SET @OLD_FOREIGN_KEY_CHECKS=@@FOREIGN_KEY_CHECKS, FOREIGN_KEY_CHECKS=0 */;
/*!40101 SET @OLD_SQL_MODE=@@SQL_MODE, SQL_MODE='NO_AUTO_VALUE_ON_ZERO' */;
/*!40111 SET @OLD_SQL_NOTES=@@SQL_NOTES, SQL_NOTES=0 */;


# Dump of table client_access_tokens
# ------------------------------------------------------------

DROP TABLE IF EXISTS `client_access_tokens`;

CREATE TABLE `client_access_tokens` (
  `access_token` varchar(64) CHARACTER SET utf8 COLLATE utf8_bin NOT NULL DEFAULT '',
  `user` int(11) unsigned NOT NULL,
  `client` int(11) unsigned NOT NULL,
  `expires_at` int(10) unsigned NOT NULL,
  `scope` varchar(3) NOT NULL DEFAULT '*',
  PRIMARY KEY (`access_token`)
) ENGINE=InnoDB DEFAULT CHARSET=utf8;

LOCK TABLES `client_access_tokens` WRITE;
/*!40000 ALTER TABLE `client_access_tokens` DISABLE KEYS */;

INSERT INTO `client_access_tokens` (`access_token`, `user`, `client`, `expires_at`, `scope`)
VALUES
	(X'2D314566347A616345435057696346455556686567576F56783043437237644E7070356F344F6D496F4D66434B54696F725234525943387A644B363430353950',1,1,1373919884,'*'),
	(X'2D4359464667432D72762D587367314A594944592D316B42494B7954694F7858357544684475456346526159716D655F61794F6851384E784D74794C64786672',1,1,1373913020,'*'),
	(X'2D5937494B4C65495F347031594C4B7355506173744B336D487952787A4A465862763864544B6D59384F43455F3257713464676643586B356E32344E6B4A306C',1,1,1373924219,'*'),
	(X'2D756C742D48664A697A704871506D4E3777687A69696D4C394F394145736B704F5946696C666B62364B30374536463961624F4475574B6C5177744B774E7642',1,1,1373923200,'*'),
	(X'305556575A6E69374832765A4A3577374B3378476C63364B37454C4436616A35683537796439424A704B537543326F354F355345616C4536385143452D314D50',1,1,1373966203,'*'),
	(X'30556755684C752D51385A59374F6B554571676633764732526C45324B4C626E42735A626572444A6752696C6D6E5066744D58786F767476737A4D6B64672D38',1,1,1374100934,'*'),
	(X'31526A697678615852395849764A565259766832364F76796C49314C686F456547334C31712D5370335059426254554A61735154514E63335F54764A47626771',1,1,1374146099,'*'),
	(X'315333775151415A4E68364E4E736359562D384A72525058656A706E726A45675A7452516758302D34614434657954504C70715A4A7A37667453424E4E734F65',15,1,1373929594,'*'),
	(X'31704D7550694272544B464A5176436274564D50554F6B5869666C305F76365A364B49446A79314C626C4763316662485F614B7A6733793657445363626C724F',1,1,1373913691,'*'),
	(X'3173446648524A2D56776A564F4F4936475A5F526336794A38394B4C523845513342594A6C6E505234524D4973504E514F585A685A6A464A766C784D76695A62',1,1,1373911564,'*'),
	(X'326869587535547636646C59567937517A65774E666B637A685A50666177496C6C4A5654596265467A306A5A485667363963464A74314D2D7674376952496164',1,1,1373964707,'*'),
	(X'326C417665446F76744B3176746655724D534C414A30617368314D61477A6E374439386E6F376E43684463544570774C6F6235374364784D692D536C36735854',1,1,1373964705,'*'),
	(X'32713773414F6E7A4C514845376F45394E546F2D3543716D70787266575743375A6C6D7447525364695A7A52596832623359734472455A572D43726148713858',1,1,1373916952,'*'),
	(X'3279366A4B6769483043597565367436505A35775849644538467866547541467544397162757665413278687852796C7146627271546F654D4B304336737376',1,1,1373908420,'*'),
	(X'33324A71695533444348427A66794B414942785A666952496B5241642D693062437758466C36363575744B70453462436F635F386F7A534C5F536B6C624C3064',1,1,1374104226,'*'),
	(X'3338426D6B67694D37305342387652317631583548625A5F6A31723532754C5A4F7335585A5957347369356959444A474C79632D4F72356E61724F354474717A',1,1,1373918231,'*'),
	(X'334745783457527A446C77684E354861494D4E6154435A78646D7752415339746B6C6D61454138525F51434567575651306A7564534A593955705A364A6A2D72',1,1,1373923166,'*'),
	(X'334E7559546D726144487A7679443162436E4E58584447376B7264725551625161476D544E73525F4E475F49615F3047775942595A316B38327841646F6E712D',1,1,1373914808,'*'),
	(X'335F776C417856614768476776744772656742466E6A306E46436332746C5F424643493170596C6936644D504A583236774148772D304A737756477451615177',1,1,1373913897,'*'),
	(X'336B30416F327031494F6C747956553165514D6549615668364968715543596A6D6C3458624C624478724F33762D314F425A494F6D656657476C5835496A6932',1,1,1374167517,'*'),
	(X'34556837724666666E53795A494267796D645F657245537A43726E2D415232545A63513375774E42467437655834517777456F456A65542D4F34567654454443',1,1,1374101288,'*'),
	(X'3470385A4B456B44446A7A55646B75475F72317A6E73585A76556D735776462D327A69545A526763613343364448617031683048507941636636694557696872',1,1,1373908686,'*'),
	(X'347148335F5A6D4A42444C4B6B69624849387057375F424A3973455457316D7A64794C686159643643576D647651716546546A59464C33584D57566869504D47',1,1,1374100800,'*'),
	(X'35464B53494A2D6A4F774437367637776F77753964734F6133584F5761456A426C766B666C64443157456562722D633470354A70473863376F6E6531692D3039',1,1,1374104242,'*'),
	(X'35494B726C572D5F50726B50625A48424D4A695530474E7276573938396D4131326C516D6B39704D6B2D782D664F777A6361636B5A776F366542366B79744177',1,1,1374145949,'*'),
	(X'354F433843332D7154716C485077464879333844486E6D496C72764833666646526E54435F6B756462444B6A734A3952614A5F507170435254505350764F7259',1,1,1373964727,'*'),
	(X'357A53504E53536B3556566E53717A444F706E656C714F6F62324C596C314C59567A3539644D615F745A447937675469556D43416C742D374A68527144446E68',16,1,1373931479,'*'),
	(X'3650587137416E4C53765947625347344C6E327A464648757550537A4A564B3336626A4B4E657376306D4143563679715A734B4579624B4552764C56666E7035',1,1,1373964706,'*'),
	(X'366C494B7133687138386D392D453436563841472D58786D61624B68634A38394F6E4767424838754A65685A436B7175383232746969536B68464E4A45634667',1,1,1373913783,'*'),
	(X'36745A47534C61585F594754336A2D764E554C67474E6D46346F446E5075702D484351595951395A564E443935325A515843545A376A79696B45316C6F4E696D',1,1,1373937735,'*'),
	(X'37526D7938676548553449536755425F43723933645F2D30726A6B5932784B77736C5F71646B46495973637869466376477032747735486D39615858454D2D46',1,1,1373911013,'*'),
	(X'37685F74414B75634F4E4A77516B5732595A394B6D6F2D72556F796370424531506F394E33784668325A74374854684F49324E4548564B3152383456354B7A52',1,1,1373912711,'*'),
	(X'38456F58517546654C6A72694D5F4F63744C7037316873724548757A436354675537526D787A705F4B52757846765075526B51636F7348495457493843323471',1,1,1373918278,'*'),
	(X'386355765947556A413766315653615445653148737A656C68796A475457563234687242764A715561415F7950673065656A63592D387A795368342D51456773',1,1,1373938248,'*'),
	(X'386F66563546724A6B4C5232444D514C467839553139574472394C55632D4442302D364279554C526D726F645432624D5076634C6973414E75364E4D72536E68',1,1,1374105610,'*'),
	(X'3942326F616F59515F50646D6A5734785F48625475376B47692D7248563677774331566B65314F35666F7139786C67746C686E74573143704D3658302D65684B',1,1,1373920151,'*'),
	(X'39675A7363665542735F796432394F73563834314D67544364306F6D6674394A3067342D316C6C4E7A435652346C747A613835345A4D5A74436862706A4B5242',1,1,1373937814,'*'),
	(X'3969533335626345533968464259464F68565F71623837502D41765366734759674E43725132306532535F5263436735756F6551387A4D765774575553345141',16,1,1373935418,'*'),
	(X'396E302D6E6B5730335F6D68437633547676576A486233644A2D7961754F506433664542624E4D3862436F5749745631644D6F507743645A675548326E584B49',16,1,1373935393,'*'),
	(X'4144595371512D6D424F41666553334A4F785477676758414E396A3264676D5744585372393435754A35314752626C78515F357A637259716E4B766A306B6F34',1,1,1373924044,'*'),
	(X'4163623257476A6D666774453478627762565358364751676250426363557551775473633355494B68517445736435514E31734738354841474C4B5A42697251',16,1,1373935232,'*'),
	(X'417465713278634C5371615A52726B51456D6C353937366D46575165642D5061713148572D79334831573956555555674D314B6B6B6D7A4C2D6D6A2D39437168',1,1,1373909046,'*'),
	(X'41755F336D7374366765654D396F38563651743853316739344C77797A534E5845497A61777568574D43396E69384A39502D36636864495F4B5057565F63654F',1,1,1374101171,'*'),
	(X'424152327771336A6C74314A49375F576B6A4579613973726433796D4462766C5869524442527455784677575A4A38475F6F7748685863376B6C6A7347586252',1,1,1373924139,'*'),
	(X'42494965504D6862585F32646C51686C6D6D536C73557876326D52464C567A52363944715F4D592D5F6E4B416D4D705972793878525847464E47503232743278',1,1,1373965502,'*'),
	(X'4253586E6C31364D6D6E736A30365F526A6A46724E645856374C51344B6A4154676861394B4A466969664B6459555233665F5A5A797A306F455F345455585775',1,1,1373916369,'*'),
	(X'42734F497954687571337038714C332D5A6D7870686F6147464D744471307276574A4E542D54674666644C4543697944744F5A785067736B4741525367665069',1,1,1374146088,'*'),
	(X'433343696A705271645F7467617366496263496F425F535F4479394B64305F74473668384E32594C7072495359396F7053445252736E6A47583133384C696739',1,1,1373910766,'*'),
	(X'4336335A5345456869666A4E62744A4462767166376F58325F316E386E573678753939504B586F3950304E3265763372552D324F4B5A6344416A4C4147477971',1,1,1373917306,'*'),
	(X'433864364B33316F57586B423534314177466942746175772D576D7935535A737869546D4A324C337A456C4158565446442D744370664C686C4642636647795F',1,1,1373965798,'*'),
	(X'4363346C33762D31514B55427A664A645430423268616C596A35443759496A44525F7566504A554F69535A5F533555715973705F6675716B6F636750434F5942',1,1,1374145928,'*'),
	(X'437072424669714B657A793732444E4C63336D4634416E58344669767258586147464C78364E42695A5538757651546E4C436B3847416656766970556A5F306C',1,1,1374150419,'*'),
	(X'43795F67465F4D6E536759455F3367464B4A6748385F51505650504B3133455650355668746154755A314B6B5777734C717A55304C655858556E716E696C5544',16,1,1373934233,'*'),
	(X'443043586833376D314A4D5F30674B4162754E64554E61773732735048422D4C464F7359734F3468556B556352302D7A7243557171317770576E37514B675255',1,1,1374102395,'*'),
	(X'44314E4E4472554C4A45354A664C33325270487035732D79754342354F5F6C696A796B685F30663249304165553448466B6C6C73395F456A4653397046367046',16,1,1373930252,'*'),
	(X'4435524D37487342736D4C4862376D6D66624A6665546C766D48436339544D7251536A513836535A77616842767A5A4E6E6D4C364D30462D5465305752616D41',16,1,1373930791,'*'),
	(X'44454A2D4B464B335F455F494B46784B724D6C654C34436579425F6A645A516753333275535F30687448787970536B63755F766C677844494947584541505A47',16,1,1373935777,'*'),
	(X'444C4A617365425A794D445F6E4736537737415850466A7237364F6D503845414367594A7841556D547730596F6166666B4F6363486136354462466A53546E45',1,1,1373911764,'*'),
	(X'4456463173795A77775364502D63536B507A6D796A66724271326F4A63694833754D46516277497354616B67466D395650355270787430686D4F7A4263443562',1,1,1373912493,'*'),
	(X'44697A742D363670616537544E6934526F72766C6762536A703069534C42463143564135484C797549766A7151704A6762696944336869414F7A6F594F536F5F',16,1,1373934733,'*'),
	(X'447568384F6669586C36574553336C71706A6636386F537954625872753341695439546E346F636E47513937497061594B356C71514B694A664D33584A6A6F4C',1,1,1373911744,'*'),
	(X'45546C706563683857664847425F496343636F676330413446504B656638506B4A7A433476614C4A574948512D3657457A665076466E77346D70596A74516433',16,1,1373930179,'*'),
	(X'4564724F5F6D48384C5A3231706267466E537664334949444F65344F4E6A56584F5267707464323675375F6E2D70787972783155554E752D4F3579436A365359',1,1,1373937798,'*'),
	(X'456D33674A323258597036494F4D5247623434476574696D526F77306A727549534E4172777942374E5A6147685F6666306D68632D7A46426C3636776A4E4753',1,1,1374105489,'*'),
	(X'45746570646E736F56446737595A72782D73625447345462376D70582D79506E557241313556744747314439356D48637969647A6D6F513543627A54694F5677',1,1,1373918149,'*'),
	(X'457551716738394234387532316477764558455534545F4577736A306633377A326636385A54617443327766777A5942735F787749643149567568753432544D',1,1,1373913331,'*'),
	(X'4578455A594D34636354524D4F6A515A594674387A556E61694E596A544E5F5150644434673447575763415F56564C446D63752D77306D7A5037416671636965',1,1,1373912106,'*'),
	(X'463461534C707A757036614E45726B2D4A623442316C5444755773396E347A345631774F56663048356174515973526F2D725947516E594958494B7564677259',16,1,1373933224,'*'),
	(X'4637464A624D476B6D444F6F4B505A6A46656B5469765A5743743264576642656C42736A79674B55322D3059386E32455A6353736E4B78784F64776B79597064',1,1,1374100952,'*'),
	(X'464B4756614C2D46546E6D4C31456969475771674B6D476C6443616D626D53566D74324B6B6E71706D4167706C696D413856702D4956724E3149546934747545',1,1,1373937985,'*'),
	(X'46616A584231506C4E7A52502D515831383031635364527A4C775872665344565A4239724368667532656E45714A5961466872686648717163474C3446755143',1,1,1373909041,'*'),
	(X'466252514A535F77793653675432707477637A7634324A4E4757787770366254767678786B5742384A38734B41764A69627030467666642D5648314748687750',1,1,1373964786,'*'),
	(X'46644A4659757458525242505F622D63696C4F4B73594C6865715F6768374C33694C784A4239424F65336F656A49594C6E7A54305449504A31475057306C6769',1,1,1373919623,'*'),
	(X'482D3356464F2D4A637674444C6A436330716577397236633547754B355F7866757950674770584C6C4F56443144396E77367A394C4E4467734B53766B676D77',1,1,1373964637,'*'),
	(X'48366B36535A664E504F6744724B305662453347376B5973314F5161537261794B50457051596C5539532D696646614D346A4D7948557A4E657462744A436331',1,1,1373919344,'*'),
	(X'484C675341736A6D6348574878384A64794E5752746445794A65624A5030666D6F50447A6630784D517749644D4467554C3253695A5575556F626C4161315147',1,1,1373908377,'*'),
	(X'485557417837624C6950764F376B354150754E7039482D4B68595F74755A76384857726E72624F644F7435506E66616269386B5530517570645347567A674A76',1,1,1374105625,'*'),
	(X'485F37687049655861482D5F58414F306952534E4C6A6A67464F5744386952576976314B54434F4A594C4835564F6C3230354B7A39634B774A73556566737730',1,1,1373964828,'*'),
	(X'486A763030437543316D783339594E586144734A5A2D79462D7552453745585866613034754E3853393176615F2D64556F446333584F55476B6C316637334C66',1,1,1374166854,'*'),
	(X'4931637A62695266667938636B7171335A3534764F5377754C352D66664B5449624F6A303344587462736D4D7048663770367466513377594436387A42646F59',16,1,1373931266,'*'),
	(X'494244684B7433713467473363317A646B4C6B3869465931516953504463517268426237583953427A38574934716252335A37736B714E79376E577337383471',1,1,1373913902,'*'),
	(X'4959416F51445A63457353487A4339596D42416B57774A6849317434592D45413852455435782D322D4D46546466526138584F794C56634D69422D325F6F7148',1,1,1374104280,'*'),
	(X'497242313755433870414B354470796A376948616E556B43435F4C522D5644336645304D324552566A636C4F6344305537526E376C6775716843536B33475370',1,1,1374141305,'*'),
	(X'4A45357A73756D2D5874536D3037357656744C7741654D45346D3732704F48763631486558766A4B49664774794D6458364F6462572D597061715A4F474D4467',16,1,1373934775,'*'),
	(X'4A50324D745532666B58757935396D5542514A676C575A4D464249346A546974355541726A5244593247556B306A33517557456370344E7A2D575F554E707A52',16,1,1373935618,'*'),
	(X'4A5F767A64377473394B552D5A426542572D7238364B64643965534F316F53394F474B5041655454435952507A5F695731724F367864425634385759704F764F',1,1,1373912488,'*'),
	(X'4A746E443842537A6A4932595745685061746938376F346436497334542D664773327464764F55684259676F3642306C584E764C6236506470673236756B614B',16,1,1373932134,'*'),
	(X'4B3176547938746C6E59525A57736D566D4C464A71766C65796D3546736A71684B54457A7145774136505A475675434B4538656367696451585A527036656D59',1,1,1373911099,'*'),
	(X'4B5072324B50724754366D476E416766585F7448476F4A4661744F7444735A3941504757715963446974644553713537397634554B6B63755656304F75574A73',1,1,1373910785,'*'),
	(X'4B65433235667A674D72363634757033734835362D335A436D7A554F47304475665F2D64626174642D6D4D633278316D5659753044475A745F7A5F67684B3347',1,1,1373916664,'*'),
	(X'4B6C42585544796E3546644D4D2D724A3468786F464575474A495A7A5358794E6F49676376596A5441582D54547335686E7577455F6D693354636F41634E6263',1,1,1373908660,'*'),
	(X'4C5F77336179384A6D5876484D6431426C656D4B4769494A3175454F43574A6D6A6248392D6771307030676E6A7671696A6279796D41394459554D78796F5134',1,1,1374105008,'*'),
	(X'4C6C54332D647557443947632D396450766B5464496A2D31306761786163532D786874786F6C32436E6E634D587762652D525479385044414763506F626F7347',16,1,1373930171,'*'),
	(X'4C79577836764D6B304233787857344D6265633439386B50774F2D68455739776149584B6E474359465755734B597A617A634B4271704667725A466E73416851',16,1,1373930122,'*'),
	(X'4D5839633343426535435146506F3836664C447732467A34447251596B5073564D61526835754752784453376E3459423657466B6A79744A356F5F43504D4F51',1,1,1374105971,'*'),
	(X'4D616D4C532D542D685941636B717A744D7470513456594A72787364634C6867755A43644B6254614F343864446A796333474F31525754565A57754D78455539',16,1,1373930008,'*'),
	(X'4D734A796161356735664E4A7979704973374A376376626F785F324D44554B72464F6D3341444733626F4F7865613633454F63466C797A382D65347441545179',1,1,1373911473,'*'),
	(X'4E33446749576B52696C5A4D626D346F796A5939464163757762674B514C446D4F38677A7533486C443849506A76374C6B6A584865576C397468534B6C517631',1,1,1373916957,'*'),
	(X'4E4A39574164304A496933496941666B6B3370433045515F613171392D713633486A794F4E3854565A63496E346855595254306E6D674D526A32784B7247352D',1,1,1373923158,'*'),
	(X'4E50704C5F664B6B7452456B345171704E44484A59714A4C7255315A715054494F6D797379494147555356584A744778624666696533674B4B316E716247645F',1,1,1373920225,'*'),
	(X'4F366563565A735853453172306F4F627333586E626C5551334451327A754A64553542435F4932783066443852716956644A52626C62694E414171577533544F',1,1,1373916888,'*'),
	(X'4F45703652374D6D69544A4C4B63304C343042455F79477A73637877616B494E6467564668667459764C6D6466696F44566150343142474D6B74514B6B324F73',1,1,1373920171,'*'),
	(X'4F51636A62424B744D6548713254757A6D337341743276354E4F2D546C57326E714E6279436658626E6C5A30636C74394B4672745530536F614676547638434B',1,1,1374144865,'*'),
	(X'4F527779497746687473496774442D4648353730794830434E466B6443356E5A784E4E2D43334C43514F7A50706D767163545039547846717251506C4D626B54',1,1,1373912681,'*'),
	(X'4F6455392D333671442D786D4854485A366864515367394736686871424E763136723130616F4C702D79716135597649474B664973324F30647130754E434451',16,1,1373931183,'*'),
	(X'4F6E4E6F7A3753676D72556B734B49567673414B356B616E3945776430587A53675072346F695258315A6347357456586A6C585A43364E2D3468314656543779',1,1,1374104111,'*'),
	(X'50485767393939716E305F4664316144464F304E4551417678474C523565756D595F7A364261313569324F5A534E455F506164566F6F356F526567777452616B',1,1,1374104055,'*'),
	(X'504E66535870614478696130453156787974774670725036337749692D456179426D4C6B6B366B797667554C70674B3742446F4D346F57324E784E5F32514232',1,1,1374104081,'*'),
	(X'5056394D4772724F5773656F41736C37323659766B7A62306B49386B6170457052314E466F7A30334D696A70596A37487A7470642D73522D435F566438706B4F',1,1,1373918142,'*'),
	(X'505A53384F6D446C4B427176694C416F6835685F523070526A5F566C4B79706C73334D75525F79653456615F5632714D745235626D747652796A68465A344A6E',1,1,1373908864,'*'),
	(X'506C344F784E786448345855573558694278476E756F36326D5336706F6E584230786848447A394F6B68726C5A4C487452453474633638466E4C3737714F4754',1,1,1373920076,'*'),
	(X'516442345533326C72337059525655314D646E6B7448496B4F6C5657546562624B66344B684A587852576B776336454A747157334A57454E4B384A4376673762',1,1,1373912345,'*'),
	(X'51656A4751662D536249476A44636D336E6E4547474A476A6E54582D75666E46627674674F534246465A5442325A62376C736D4B614F7367535A434662667575',16,1,1373934791,'*'),
	(X'51744B3258782D30645A765A46357644576D38386D76496A3339694A34516C70784D617344396E32376A4E36645F416465585A574B6D797868426C4665775078',1,1,1373964713,'*'),
	(X'52453246563855635432716A644935645A3777424F61495537457249374A43485979414B4D424A3237746C30306C41313431444F69446F35327944584E6A7A34',1,1,1373937876,'*'),
	(X'524E383650506E6A7A7443354E336A546D346F657542444C4C314939316C44694958444E34516A34552D4F6D394D58493742765A6A577559444F654A4E6B3739',1,1,1374104009,'*'),
	(X'525066537153777431624C4F47387A7231366A717837344143516F71776670584E65396C4A753172726A4D565537414D7133324B375059573236474F4F357352',16,1,1373929867,'*'),
	(X'5254514A6C776935495057705A3654795545506F6B4D3666334E7970666555587A3278766750564F4B4857647A754965474E495F34636F4437496270514B4A36',1,1,1373964715,'*'),
	(X'525548357A367272506B694C3546383052465A63646956514D5764774F4B6535507930746E486F59437575384E526B68304468336762797339637377437A6E5A',1,1,1374105702,'*'),
	(X'526779396468526F6755736B396272397757786A654978516C5F3677576A6E706B3234374A503047655A736A3170564C65546378427562443155595431556F72',1,1,1373910271,'*'),
	(X'5278442D48754E58572D6B72633438377A6E675F7A417762374A374573516E44495361366965355A7531784553504B3859734C796F704E6D4866393933516439',1,1,1374105082,'*'),
	(X'5339434D5469645F5A2D505057496A6A6646646D7558477A44484F6B36474D5F5A505343425F6B64764C6A6832695535584E61336F3470544E73464479546136',16,1,1373929852,'*'),
	(X'53446A6C303153474F37786C426964516C5053514F3753694954716874525F646E6166765A706357494F6572596447686F695061596C6657427363334B766274',1,1,1373917656,'*'),
	(X'536866614131675F34495372502D44734777666E6A594B6A615737723358723747494C594F2D4533365562657833313659613665467650685A6E52466C68515A',1,1,1373923634,'*'),
	(X'536F76663959524B4A63514A485F384B6836544A507567435A65783841555058685467535953334A554A78746F564753785461376B452D64316971346176426E',1,1,1373917924,'*'),
	(X'537676524A456C3948794F4D5F6C75417A51674D6234737A4D304E5F4138665F615F486355695F4C4D764630376146643177697A637468727444337A4331714F',1,1,1374100750,'*'),
	(X'543370706C4F5A476579486A666236456941524568374A43477437456377556C757150417050314454614739746238444951794269614A597544475152327636',1,1,1374100820,'*'),
	(X'5434363542694F5566355A6C6A356C4D4F584B475547674C637A7555752D694135756E5F4D354E674F47664D6A7657626F3767564552347659636A4748736D61',1,1,1373924116,'*'),
	(X'5443414D44507932653959504739696E5A727A6373694F743358345A793433316F516E6B4C415969454A7761665F5F643937716263447377456762386B664978',1,1,1373964638,'*'),
	(X'546265635036736A58714F646C34744E414D662D644F72565F35386344704D4D7A5F674B394E476F6B6B2D4D6E46706F687A7A7A7268446868326B33764F534E',16,1,1373930165,'*'),
	(X'54666C756B426E4F4E652D70767657353539525172765359684D4835727A4256533533786A71414557563467376D75426F6D636B424C776541556754466D6836',1,1,1373909043,'*'),
	(X'54693467473147376F4D55454877306C52496B4747454A6441687A464D466E2D6B7A51573770535971535759563049525F6E5A716E39656D655F452D36373371',1,1,1373923940,'*'),
	(X'546F4436484F7673517442757272554F4B386A664150386A786B6B4D6351796A6E795833724669505839484C64305148717851324231554B42624A3753457532',1,1,1373923238,'*'),
	(X'54744437725F314F4B74663674536A4936367A36425A486771516C7376557A563648424A554864343455466967424B34343935774450684B3052776D43765147',1,1,1373963257,'*'),
	(X'554E38447250574C316F2D65376C3456484B6861456654566E656644643863466651575854425475583877426371506454612D34677171315473327842637764',1,1,1373924249,'*'),
	(X'554F753549305F5A6837775F7369766C5359396E657A7246795255663172643742377868566F4F414C746E756D61526D4371543971545A6442454C36314E7859',1,1,1373911343,'*'),
	(X'5559645F6C35643930524D67796E345170334946385753675F4E4B5067314B4131424C52727351687059564A614A59314C3975692D5A714E672D687136486150',1,1,1373913771,'*'),
	(X'55644E4C33335753765064746E6C37384E62436664396F784B4E4A54504D51414C475166563131554333416C6A4D7A576C3030413846774B4F7064677874646D',1,1,1373937919,'*'),
	(X'5642476870545666674E69644459306B4661484F6B4B7A67763250624C6B35524434526C5846346B505A5F6272497367527733536E7968664B41515F4749334B',1,1,1373914942,'*'),
	(X'566D5A446A415365517453764B512D544D4A75346B4C667A554D692D7277314A634870735F2D61656C704F5648586D5F38747658374372726A6F727359585A30',1,1,1373937801,'*'),
	(X'576E524E54477A46753061754944514D4D44464F797249334170356B756E7A5676506A5F797462353132764557674A49464C3571766D5579526334545F532D33',1,1,1374145578,'*'),
	(X'586A584866656D6D514D423947393746676F416466334E484B6B376D58397259705450723267387269304A6973693668674932593876612D5F484C5852307A56',1,1,1373923480,'*'),
	(X'58784D46756351756A4D4E4741386458472D6C33657335475474514B4B31694A4C6E7A44743366345142357535746564516A67386B61357751673933467A5658',1,1,1373938173,'*'),
	(X'5879485356466F4143703562447538764C3743384F4B59386C3147453655563839506E6C55623464575F33624C545A654E73616B724F314D446E433477534730',1,1,1373908695,'*'),
	(X'5934314244396A55654739347769634C4F4E367563704D686A2D534D4B6B366938414C6F52784F65736632637A673676744458476B327A7450543934474D7745',1,1,1374146064,'*'),
	(X'5941553559663745756F6D49506C676D574F6871765A6855504266726137634E5757316A654776706D6B35364E616A56634E6C43787553334C32576141666B6B',16,1,1373935805,'*'),
	(X'5949576D63594A61466C6B636C442D4D462D7954677343427A6F47634B5A4B736E42597434426670316454687539666B78527A7A4748413065715A7965655858',1,1,1373938049,'*'),
	(X'5955316B524A786A714C6D4B776E3931524D7131534839424559485F326C686F5F38454B64774D41384261716F4F37684F675A71756539365A616D7954676977',1,1,1373912368,'*'),
	(X'5959594768354679516C5A5331377568772D74675332675657526277317A6C44715075786D6D4A4534524E3247322D594343466E67326A456852344D736C5963',1,1,1373920156,'*'),
	(X'59596F626F5663714E667453563852564E53704932534E46416558696B5463715F626C414633537567516F46514C66656F4A5171496533644B30584F574D6E39',16,1,1373929855,'*'),
	(X'59654F6A32377939617A614E6131794D514B576D6167534A35773372692D33516C67704344734A4A4666446879573134345941694F71675744475F2D4B386C77',1,1,1373912940,'*'),
	(X'5967524C596B323965322D4C726C517135674B33735744797973647869666D694759467A573055585245544258535749507A4F65314D4F59476D474835783449',16,1,1373935471,'*'),
	(X'596A44766C544976377A2D746173592D6F5A7A386F6F45756B56314D6878774C4D7249556974334839683271383771353833673047664C6F544F426F7A4B5655',1,1,1374103903,'*'),
	(X'596B37594C62674448336D67526244634D796D7A787158643961557133627950394F6D504B5837553969444A6A417575554F345A686B514F6772763331585559',1,1,1373938371,'*'),
	(X'5F447236686B6C4B506D72354635306B3357335369397A2D7437685457586941546A456565585565375F6A55336E6C6369616E77764A5A4A6D36376D37366B57',16,1,1373933204,'*'),
	(X'5F467662424D35373143387A496659765A425045747333496146324F6F6F3771376C4973365734342D7636715A43334538424777666D75674F5038794738326F',1,1,1373916728,'*'),
	(X'5F496B462D5F416878756E534C4C66724644437759433979666C6B494F7A695A416B5A37515432686A4E3452544A7447764A546E6A585F787159516E386C3832',1,1,1373918329,'*'),
	(X'5F694158614A537234756C456E2D384E397035664D35686F686D514130306E456450503156525874776E336C464F33424F4A6267686A554B3763474644796C32',1,1,1373910738,'*'),
	(X'5F6F646C31437464646753656B517A456F496837474D2D696E334B53536962424E6637754C4B4A2D474531426D5371713256314A434974342D6A44414C423665',1,1,1373918071,'*'),
	(X'5F795A6738354556386938434F6C63764538652D30324B6B79435270644257622D59784B546C32337665365033566F384E3972754C30345451416746445F6271',1,1,1373912898,'*'),
	(X'6134443851723636356F5959793152446F6D796D636A79324D52727264307637306B465A7968556D7559644E38535430706F57554A4D4841726D50544871674F',1,1,1374101108,'*'),
	(X'616848427236387633383774434B6467326846394D676B68714B65746C6F4536554E355F62717566776D7844736D48796F713767653870314259737553537A64',16,1,1373933222,'*'),
	(X'624D484C69335A314A32336E30745F4631534172636C6A314E327A38504162756F4670626A7A574265533564326F4566444C3265307A61626D55495932396578',16,1,1373930638,'*'),
	(X'627053526C624E726D32506954554B5F45465265754254657A6847316B556D6442565364347063646D4E65707A4F7337314E7676654154315872765474397045',1,1,1373912124,'*'),
	(X'627575504776584B632D767678444265674D6D336D46344C6C63556F7634346E4B326A737548643454624F6F47663263616F50715F7567736F74345357745867',1,1,1374185423,'*'),
	(X'63327467585F555F6E5034496B5F70473068796D74546E5A4C486173527739543556784C616F655F4A6B664C336A39516C6A47394C4843515437504D4D4D5A4C',1,1,1373914821,'*'),
	(X'63344446785556375863394667422D65626869694A6A48575359614A584B343453643369754A676E7672744A515A6A5F4E64583841337835325F76713956577A',16,1,1373929996,'*'),
	(X'6343457637726377764334437970357470467A714B63394B6D68307A76476D394358442D6659525656636C5F364A39774E434B2D6152496C46724C616643344F',1,1,1373919524,'*'),
	(X'63694F4E637644695331715052665A76754E6C735842306543713277594B655967727A477368346437624759395A6C6E3031704C7459355F655A726652703678',1,1,1373910790,'*'),
	(X'636A663457744E34517548637A745272676B3170775A43694F5F37337A43786E4B41577A4F6666424D534B54614C49764C5474544A35457175447850454C4145',1,1,1373924264,'*'),
	(X'636E58456F543830566734754F4F424B574E5A48647977355632586F6D4571484B466B71674878365A502D795A7764524B644869764A32687567485969594A43',1,1,1373912588,'*'),
	(X'636F6C3879696561613368557634586265303053305A475F50574E317452714278684B524C414A784B2D5F70394457446E576F6E4836383143624A5851504556',1,1,1373911304,'*'),
	(X'63704F55764C54325466536C5A325839564E5751386336304E62674A326B73384C4671574C74526A3741544B324867484175525F39446F715943744C6A744235',1,1,1373920154,'*'),
	(X'643542773962516B7A6C714249336433622D754876564A65586A647A4855547864575A4F65766F467131564C4C33467748344F69716449525377363168535271',1,1,1373913900,'*'),
	(X'64433849574B375353344942737135312D714E676E5F634258744A72416652344166466A416E536E5A4B54315A4D6E35447569497267765051685A597957514D',1,1,1373924047,'*'),
	(X'64505863736F596754574B4345626A55565A484168533130493268635A6A76594975686D4B6666546E357268306C3242705F4C716B732D734A696B544463464D',1,1,1373918305,'*'),
	(X'6452635A76315F44435A796C57762D72515241674F69357A735236393049756A58396831414E32696C3959414531746C676176636C584F3477616E654E726359',1,1,1374102479,'*'),
	(X'646264435456474B307A4C44326D754E3935786F7A54586A546B694C7163326F616657483051714F6150344868366E466469464271776961785F4E67422D6171',16,1,1373932277,'*'),
	(X'653570796B774172347146655376696432702D596B4E5353396A693075714948422D4A74775870497264696F2D65573079426B6858424835396C6E472D5F5F50',1,1,1374100885,'*'),
	(X'65493071586345416C64786261635363496C6247426A424770744E324849564331545454537738436756682D6E576F495331754C38384337444E6B4475494E42',1,1,1373911582,'*'),
	(X'65506D5F68346F4E62316D4C4A6E465F4A6B3664345138304D3036336933583473587341463341786C552D377951305356736C38734C68415837523658416252',1,1,1373910786,'*'),
	(X'66305A533377413733376972752D42426A7530587831415144735F417A6139435234785255306E6B56734C7337634468356D36716F7473754764755858776749',16,1,1373931424,'*'),
	(X'664B50686777364432386159735F506B5349635F4A42576D6F6973427A4E656C744B54354B574F735F34727A6559625A774C417A395F64346F3154425961474E',1,1,1374105465,'*'),
	(X'66576D6C476E4732392D4A67506A774A5A3566686D4A70367841714E4C31754964667A683759324A446E645F6939496364383443356E62526655537459714975',1,1,1373920176,'*'),
	(X'665A6E5737694B71685379726D6D6A4236714A7350515872354344583132565559336E7A5353774D516351593272597A5747636C386B6A48653151616556352D',1,1,1373964635,'*'),
	(X'66645946367A6C566B6C362D646248475F765447586155305565373546423931473573356F7251435045734176314F4F796D52396C36506A57326E62444D7462',16,1,1373929953,'*'),
	(X'666C5A6F4E42446B6D46455774716357744B45666D4A67595F4F373978633648672D726B6A6550444F4B4C32694C4D70764F62534F7132504876616937394C4E',1,1,1374100843,'*'),
	(X'66736361776B4578624A39674C6251446D305977487279513548694A4D44715A655A66435A326F6C2D33715033614E6D41796A79787337356F5F6639595A6750',1,1,1373963259,'*'),
	(X'6679596B556F4B6F4A716A436A6F6B4259586232585954754B6B6A524E437A7A6C33654D67375565577768556B467A536D6B71346B636752665657454169716A',1,1,1374146033,'*'),
	(X'672D4838536F337358413341656E75394545687A31536C4A36434F6970642D656A397349464948667430484B46534D4852666472494573783462693065394178',1,1,1373915095,'*'),
	(X'6741372D46376578353962324575543661575146785972363949677264435141787153796E4261704C745666514A6135705345457048616F357774514E6E4F44',1,1,1373912607,'*'),
	(X'674761524863656852346D5530756355455A70796D4371324475473738526358356F3035314E6F584357506C5A513869597369562D6931763838497937443467',1,1,1373911394,'*'),
	(X'67703675507A41776159525A3449354D36364370773030447A785732325A4B32563777395179694850636D66734763766C4D487173577A644131484936477758',1,1,1373917982,'*'),
	(X'67724637735545514E525041555F6447477A526D514B6C455F476B4B417830614C6E664947596D386E2D575A46555763346C73674E4D6A74494D4D7A6C4A6C48',1,1,1373938267,'*'),
	(X'6844722D785A4A45536843764D72777A35616F6442433878795A52425A2D67736974363643426D4231444446746B43552D44566F374E676962565A6D73485646',1,1,1373917399,'*'),
	(X'684B3139517753666C713332687A5858646E526433583032694F4E4354663564747172754F3037796C4E326D4D726D715948777469324A377A316E6431546953',1,1,1373911260,'*'),
	(X'687633506946745A6C66336E6D3146425275395533554D7171334E2D67556B6E57647261556D3448624335552D4E517835694F70716A41336350616D62437A73',1,1,1373919615,'*'),
	(X'69343647702D505048414A416D335477394730374E47316F527239444841667375686D6B4C395053415F3779434836514D4D533232426C684331596E636F354D',1,1,1374100924,'*'),
	(X'693559773875436C686A3962764D5745564F344F52415F6157732D42754436455264506E2D48625F554C5F534E7453427339636949324851414C66684E685449',1,1,1373916649,'*'),
	(X'6961396E43756D7052506A3448474A4B4136713672664645384478504B38726F5F41326D456358666B577047724C4253354E6F51504D6A774843664656364778',16,1,1373931164,'*'),
	(X'6965576F4F78304432424D594151426872796951465658426C447A3135734759385A3379666C5957774959324B4A65586C594459615578754A544A484D4C4E4A',1,1,1373912796,'*'),
	(X'696A347148584C586D47446B583548376173394A67575164417875744257385072685F62316D797772374E6A5A6D5877507044613164676B4150465958347056',1,1,1373908262,'*'),
	(X'6A433471324E7639467346634562545838556A44656A596655344A5044432D57345655554D4E31576633733870695944646D4C55577A6163495753515F386833',16,1,1373932171,'*'),
	(X'6A49587243557A2D4A39777267773036494369377454716D454958337138324D6B55695453706463374871384F537A786D3471315349435249344C6A5551536D',1,1,1374168060,'*'),
	(X'6A697649732D412D4477664C62646D4E525842416544717A4F63626239576448573150796C6C584D36693870666E70753236534457354D4E4C476E4C754A7A64',1,1,1373963255,'*'),
	(X'6B526C344C7A4E5274326D303846596733526F5F5A567768586961316E36484E744C566A4C354B2D41315737364570445443505838425A387A557A7463367753',1,1,1373912927,'*'),
	(X'6B655263303436657A48624C776F5430595245482D5A4B4D3537763532743776697876617A344C576C4D4F483654504E7841356C773052364A454E314F644E68',16,1,1373934687,'*'),
	(X'6B6C39316F675F39323246313044624555306E33426E412D457676453957426E6145486B5358664E6D6854304F2D77483079346257544B744F575F3668306832',7,1,1373928619,'*'),
	(X'6C524C4477315A497A3450644471344D73315231487054584D3148714F306E487239796F6C55794844387A76762D47324F30764B4B4D4D59334F307755456C54',1,1,1374145958,'*'),
	(X'6C616C566B3176704C36326C4737327A34695F794E6F3061357A556967656569366D76504A3964726A6B6D494C766C504273446E4B6D4D434574363534656B6B',1,1,1374144997,'*'),
	(X'6C79757167665F75484B726736436B62696F6B45396476762D684D73483734674D7A6C3568306D4C586F63676A674E5178444E73526E623166656E3979377348',16,1,1373930176,'*'),
	(X'6D51426C317843546F3838344F777A7952636C633242725976753554594371554535577533536C422D6530536F55483959664F4D367966327164733072657753',1,1,1374103990,'*'),
	(X'6D55526A6953674A4B5A4E4543305F4265426A4B44356F47597778666738455F6E6A325F6F4865665979735A726D715A486F7133314975317472724E366A7750',1,1,1373923595,'*'),
	(X'6E486675325F44636766644B474172704F797257486D5747704B46304F34754769634D416F49464D4C4D7A34744A5A6B57776C62376C5A746C327A6E35534A63',1,1,1374105063,'*'),
	(X'6E4B31696B492D2D6469594F454F6F566A444C5262436367384C3541364A376D4671714F6A4F3776415230525347313335305453777651585647345A716C6A49',1,1,1373918055,'*'),
	(X'6E4F4D50477678643667574E32454359614F63337143623458467A3849376F5F4B2D79514E6137455F544156572D4B7056334F70416348493573686C43627671',1,1,1374101126,'*'),
	(X'6E5F567332665053724F632D686D775951586D334E6F6B3737474970307639476C505873654D4954766D504459524F36456663434471346B4C6450726F67465F',1,1,1373918448,'*'),
	(X'6E7A644233533242456F484370653578675979434D734C52493868564170795965706838453877796F6E344E416B364C5453447A5276535A4466776370456347',1,1,1373910574,'*'),
	(X'6F4765304A31342D3671696A583754656A4C71626232546474514874306E3836376D5268516F4A7A3376314F7637766A462D74433336444E6647715A414E766B',16,1,1373930917,'*'),
	(X'6F556E59526C434F554A6C6466446368664E7963666F50366C51337A6E5265437568574D6A486B512D517578764F6E565F52687248446E6D7556327777574459',1,1,1374105683,'*'),
	(X'6F61506568587A6B443748662D46382D5155494F414F37652D4C336B4D713161626E4B4B5F704A6572716F335A4753315A534D49744D6F56394F6558416C714E',1,1,1373916282,'*'),
	(X'70307A666E51704439694A322D53446639664B6D50657076575965525F325A77755A5636756B6359514C4A64414D6A71665A6E334F34436B723966635A795153',16,1,1373935521,'*'),
	(X'7031454F7446525678755765325344426830526A623878626D554471535834793134564570794E444C616E5F7A45663177462D78487071415847467061336972',1,1,1373913963,'*'),
	(X'703539536D4F306E482D775268476370663737717A5A506C356F6B4372716858472D4E704E4A334F573246444F67744437365555344469446B496B434A463874',1,1,1373912366,'*'),
	(X'70506E4167517A6E4F58714D4772435576557A363751615A6150364E476C4C793753616F70687A5042452D36435659595837594152375370646B334E47723330',1,1,1373919985,'*'),
	(X'70586242666D486669445F755432727138795F6D644833796A5158676C6A736A7553423837686E4A5A79366A63557436374D5F463774766F35545A54745A3873',16,1,1373931016,'*'),
	(X'705936356A67367662624571796332644A68742D6E396131673874724E374E636B345F35506F786847765431566856736D4845763464376C5246453039636879',1,1,1374145311,'*'),
	(X'706C64674C30534549424D56323139525F583673395142306673674671474B486C4C626B41734E53354E574861676832536B4D4D36477366313970337352682D',1,1,1374100225,'*'),
	(X'71325A726B7148483574754A3539674D684A4F7A6D5A4E5546586B535F6150733763746D77534379706A666A33506C615F764B6B784F72796A626D6352666A43',1,1,1374101230,'*'),
	(X'71363263526C456857774B45314A6A50623138786C4C6255756D78534D6758344457533551525F497756714A786E6350625F48377A7161336C754C376E794438',1,1,1374100525,'*'),
	(X'714B755571746275314B45465551424F684936646E467277786D54342D366672415F375A2D5443496C714A2D765956566B54566858576259754D617157336A41',1,1,1374172945,'*'),
	(X'715870386D4B6B6F7855467A5A6B54354D713031344F4835656B6173695934656A465A3577354C574E30366147784D4F385A6E527053304B3039353358452D39',1,1,1373919961,'*'),
	(X'7163384C4A6D394F486B7A654E6A685A6C78474B48505F6E6D54794D7A4B66376262434F4E78556E79556A7A59796A4C2D544D526766706D494751526B497232',1,1,1373912396,'*'),
	(X'7172435F5A64306137514D72554C72704A6478596D51724537426535617333443541707A454C52745A543349643562634F743856544837533567475850493133',1,1,1373963097,'*'),
	(X'7177613068554875465666394270415172482D41434A544750546742783459456F57345268737454577867585A6A632D59564F5A5974547567745132564F2D42',1,1,1373911737,'*'),
	(X'717A463174333931543635434238745F564954613565334F6942674B57747A7448744176305A5F71437679736950534F46326637476E73424E52303671453048',1,1,1373923956,'*'),
	(X'72615375436E3970744D6F4858597744706365432D5558635254707473376C5634507237537663502D4F6F3753726C6C3174667131312D7568394A524747614F',1,1,1373919579,'*'),
	(X'726756664A5A7161474A6959573777772D50647552436538385F72356165706F46776B564630565F6330465032613078584B72346F69796A304B5974434A4171',1,1,1373912892,'*'),
	(X'726C6F626E6238793373697A345269633163654C624476656C774C3964336D3335305A71486C777366484235376B664A736D4467303451443863526131523037',1,1,1373911538,'*'),
	(X'72796730587A53536E433738444673676B4F5F3830563866366F54364D6B545F6E4F416673434A74456C325851465A32704B3734656977395872434746614148',1,1,1373917047,'*'),
	(X'732D54726D354F495F3248647276776247662D5833793135323134414B6C4E7748465A68786F554B756150484558513532436C6D7647616A51414B4550394442',1,1,1373911510,'*'),
	(X'732D7661713044765371554F3054355558725A5F50357669426A663073514F57622D70764348415F7868397338516637517049644C4A566567566A3461476966',1,1,1373917568,'*'),
	(X'7343346130754A6F7134616F5F53534E663830396A63704A663444644658472D6D646B2D4A6A7448347831514E61647A335767485A567A6B54337966486D4943',1,1,1373913852,'*'),
	(X'73506B7747764678334B325366314379307173764C4470787136513443494334527944316B463959435353716A48314363714A3051647A47394C7230742D5530',1,1,1374104670,'*'),
	(X'73706247312D474B4B54474F6A6B504B4276676839744633587444675248664A58387351682D345468754E756673644B6948795649506C3574545A374379506C',1,1,1374145967,'*'),
	(X'743868684759443775763567435656674F314346484D3464506D414132575077754D2D44554C4A6F566D424D456333435F334B556F385165426868655248306C',1,1,1374185409,'*'),
	(X'745552365F65696165615A3561686C317843545F78615F466F6751394D6E526B594B576A446C43593173497873704951776C485A397351424C436E6C4551354B',1,1,1373908590,'*'),
	(X'7467756667766744614F586B4D4B2D52786D306177435F6F4C4F3479647A5035306B2D415042564C474B706176724173395079563330386E435A474E4330795F',1,1,1374145892,'*'),
	(X'746A6F5132767370516D30446E44634B424A394A4D6B5A734D647A356A7450657571584F70457274364433576253754E4772457937657A634849495A426A376E',6,1,1373927964,'*'),
	(X'754C3146725045323844534144656B475F6C563945557230444C4A5371674B306F6D78706C4C43456A437874324C4E72642D3232724473646E676F5046434F49',1,1,1373911556,'*'),
	(X'757267566A4950704D7A3655337873336E4A445957534849415A76616330666D71775A5264573254792D644A647546694B4F4654654D4D4E5268654753757767',1,1,1373966186,'*'),
	(X'75755F67314B5F536D74703435373476306B346277416C734652426344393171576B6C6A4C6475496D5237304C3477344436664B4B5A38762D495143654C334C',1,1,1374103543,'*'),
	(X'76436A303942484C6431797343536D6F4A394A386761494F62786F6C5A3334484A47626F76524D6A6F6F686F344562787A774C775F504C764963586177683439',1,1,1373908961,'*'),
	(X'764444634B316B375139614A67456B33557A63467537686670774539324C76374D61386F475146464D362D3276335866744F5152687954464D7368426B2D4275',1,1,1374101539,'*'),
	(X'764C79436278695842514774394B386B5369437A306956526150733151684D65494877584C627A7147564F66316E705A515472495465794D4F56534A6F56524C',1,1,1373912621,'*'),
	(X'766C56457038424531334E78757636576F537A444536573233744C6B6738383842624C337234626165454C664C544D4D4D50364D476D385238753549794B5475',1,1,1373919074,'*'),
	(X'76786250485458424D34494E7371356E38304A4B7341665676433377504969504766376C464F7276616534456C4350545F574A704C51643161356769755F6D6A',1,1,1373912941,'*'),
	(X'77416A48534862355863616F59746A523132436D71734677536B6A4751726D6644744177394C506F666C69396469553774514D54686A31634C347847716A535A',1,1,1373915002,'*'),
	(X'77614B5248465A326E7037777151706F5F56745F7238706169744E764E706A5F4674503544786E384F31484F473652425A455A7274755054755F426D4B33704E',1,1,1373964730,'*'),
	(X'7830454B6F4D3234376E355838565459384E564C3236556D666B6B414B7552537A5263746C6F6E524A6677527334537143576E5A337050334853353979492D4B',16,1,1373930601,'*'),
	(X'783334556E376748744441504F397572576A55565F4242464E59427A5F7971676C64394E415A456C43496944467469514135527477314463515F6E5664414844',1,1,1374100857,'*'),
	(X'7834374F4373492D50586A6451305048655F4D564A576336572D4158774C697A586D6B58454369525830757678714B7564664F44354F4A4D716E564E705F6C61',1,1,1373937737,'*'),
	(X'78464D6E676D5A6B754D5755655058534F685F6B42517A614E5F56685F306B5F43666A6E674E5A5930356C51502D73365373704D6C49616838714F656D37656F',1,1,1373916741,'*'),
	(X'7865387A6F6C3449446D316C33365F6438503173594231776A303056714B586D767A30326162595133395636747161526E45773051475357575578354149784E',1,1,1374103747,'*'),
	(X'78653979544F69416F552D64775536643051415379594468454867774C4E696D674F635F735F666F75545A753357326C57326F736E3659417476505061764E42',1,1,1373910980,'*'),
	(X'7932484B4E674746643673614D43746764776E36776E516C54716977647633666E48456E376E78727665363273426655576C4D46626C437655574F496E424B55',1,1,1373923462,'*'),
	(X'793342675965415247736752386B6D5654716F35457A48633549757448386273564471436F79596849643846674E556931685071724179394C2D65634D4F7232',1,1,1373910722,'*'),
	(X'7933784C6C354F7A48646B755445664968764339593437626642346E53414D734E683473576F4469374358484F6A79597341644F626257455631464C6F6C5854',1,1,1373910990,'*'),
	(X'794530433546435A35394D6D336671494C6D6C30396F6837476E616D38796F464C492D31684A445144484E5F3951644C614E396579635634656C5A6346486634',1,1,1373920155,'*'),
	(X'794C4D6B716D443662777134714C70566E64744B414B332D5867514C643173493442336E59667846394E476A466B6B786364486A387177365F464B675F777474',1,1,1373916697,'*'),
	(X'794E585531596D5A49683858386F6D584F516449336D734474587871764A375162676F486B4F38493179724F75705F356E476F335248314E4F347A71416B5831',1,1,1373917229,'*'),
	(X'79584D4444397342526368717739704B594C4552414A694247667256447A53665264646848623473446B57692D64664B49463274734853456B42596E2D45596A',1,1,1373924038,'*'),
	(X'797671744C4D396353414A6C6546486B49514E4B566F463249746B653172454648514A554E635244304A7963644A735771697A2D487A434D3845733270585930',1,1,1374104027,'*'),
	(X'79774D442D5F5041713472365F6E566E657A3130616D586D702D476E376D63454E6253744E4A6D3974664173344C73645243534370364E424D74377630447A71',16,1,1373935750,'*'),
	(X'7A696E48434E4A78623563686D5458522D6A3346734D6F5167593042426A44664A593152597451596172576336495F6D346E78737970632D6B65737745365567',1,1,1374103609,'*'),
	(X'7A6A7A3535625F6B713771744E4E52366C78766F4F78334432706A594C4D3266746B5F776E304F63364463752D313243744A44667675316B4A6F534E566B6769',1,1,1373910776,'*');

/*!40000 ALTER TABLE `client_access_tokens` ENABLE KEYS */;
UNLOCK TABLES;


# Dump of table client_refresh_tokens
# ------------------------------------------------------------

DROP TABLE IF EXISTS `client_refresh_tokens`;

CREATE TABLE `client_refresh_tokens` (
  `refresh_token` varchar(64) CHARACTER SET utf8 COLLATE utf8_bin NOT NULL DEFAULT '',
  `user` int(11) unsigned NOT NULL,
  `client` int(11) unsigned NOT NULL,
  `scope` varchar(3) NOT NULL DEFAULT '*',
  PRIMARY KEY (`refresh_token`),
  UNIQUE KEY `user` (`user`,`client`)
) ENGINE=InnoDB DEFAULT CHARSET=utf8;

LOCK TABLES `client_refresh_tokens` WRITE;
/*!40000 ALTER TABLE `client_refresh_tokens` DISABLE KEYS */;

INSERT INTO `client_refresh_tokens` (`refresh_token`, `user`, `client`, `scope`)
VALUES
	(X'384C6F582D4E39554546505058385F734B482D5331705F78736A575447663942393451497236306D48424E42415767784552467A30543161733246763158756D',16,1,'*'),
	(X'48586A6F6F624C572F3074554B4A54662B34504C36786F664D486C556E532F493942496F35765A4E30624156635A6D6D395648794F346676706D776165795757',1,1,'*'),
	(X'524C304F2D6543436D563765345F6C74724D565070636F6E6179596F54304C6632346570796A374F5A6E7441387045462D3744704E74412D67366C474462465A',7,1,'*'),
	(X'69523442746454444464324D5A436D3367486A5576706B647359696C774E53514C6D384A4F2D7145354E6466567456326F634E667441344A664834624C507867',6,1,'*'),
	(X'6C53736C4E416765334C5F4A38514B6868754B335F7137736174326E464B6778612D37315F4969564D5A64497755596F3030634563336D336A5365474C42384C',15,1,'*');

/*!40000 ALTER TABLE `client_refresh_tokens` ENABLE KEYS */;
UNLOCK TABLES;


# Dump of table clients
# ------------------------------------------------------------

DROP TABLE IF EXISTS `clients`;

CREATE TABLE `clients` (
  `id` int(11) unsigned NOT NULL AUTO_INCREMENT,
  `name` varchar(30) NOT NULL DEFAULT '',
  `description` text,
  `secret` varchar(64) NOT NULL DEFAULT '',
  PRIMARY KEY (`id`)
) ENGINE=InnoDB DEFAULT CHARSET=utf8;

LOCK TABLES `clients` WRITE;
/*!40000 ALTER TABLE `clients` DISABLE KEYS */;

INSERT INTO `clients` (`id`, `name`, `description`, `secret`)
VALUES
	(1,'Web','Web','f4wOVg9nBvLz2vprSa5T00Mh8986eXD7LG95pPBf7ctgR7IOo3qtjOT4Rys99cp1');

/*!40000 ALTER TABLE `clients` ENABLE KEYS */;
UNLOCK TABLES;


# Dump of table event_activities
# ------------------------------------------------------------

DROP TABLE IF EXISTS `event_activities`;

CREATE TABLE `event_activities` (
  `id` int(11) NOT NULL AUTO_INCREMENT,
  `event` int(11) unsigned NOT NULL,
  `user` int(11) unsigned DEFAULT NULL,
  `name` text NOT NULL,
  PRIMARY KEY (`id`)
) ENGINE=InnoDB DEFAULT CHARSET=utf8;

LOCK TABLES `event_activities` WRITE;
/*!40000 ALTER TABLE `event_activities` DISABLE KEYS */;

INSERT INTO `event_activities` (`id`, `event`, `user`, `name`)
VALUES
	(1,1,1,'Bananenbrotschmieren'),
	(2,1,1,'Stuff'),
	(3,10,16,'Ponyriding'),
	(4,10,16,'Not Pony Riding');

/*!40000 ALTER TABLE `event_activities` ENABLE KEYS */;
UNLOCK TABLES;


# Dump of table event_comments
# ------------------------------------------------------------

DROP TABLE IF EXISTS `event_comments`;

CREATE TABLE `event_comments` (
  `id` int(11) unsigned NOT NULL AUTO_INCREMENT,
  `event` int(11) NOT NULL,
  `user` int(11) NOT NULL,
  `text` text,
  `pinned` tinyint(1) NOT NULL DEFAULT '0',
  `created_at` timestamp NOT NULL DEFAULT CURRENT_TIMESTAMP,
  PRIMARY KEY (`id`)
) ENGINE=InnoDB DEFAULT CHARSET=utf8;

LOCK TABLES `event_comments` WRITE;
/*!40000 ALTER TABLE `event_comments` DISABLE KEYS */;

INSERT INTO `event_comments` (`id`, `event`, `user`, `text`, `pinned`, `created_at`)
VALUES
	(1,1,1,'Wheppa!',0,'2013-06-14 21:15:29'),
	(2,1,1,'asd',0,'2013-07-15 17:38:40'),
	(3,1,1,'asd',0,'2013-07-15 17:59:53'),
	(4,1,1,'asd',0,'2013-07-15 18:08:12'),
	(5,10,16,'heyhey',0,'2013-07-16 00:13:15'),
	(6,1,1,'Haha',0,'2013-07-16 10:04:08'),
	(7,10,16,'Okay',0,'2013-07-16 10:12:03'),
	(8,10,16,'asd',0,'2013-07-16 10:15:14'),
	(9,10,16,'asd',0,'2013-07-16 10:15:38'),
	(10,10,16,'yolo',0,'2013-07-16 10:17:01'),
	(11,16,1,'1.',0,'2013-07-17 23:40:38'),
	(12,16,1,'2.',0,'2013-07-17 23:40:40'),
	(13,16,1,'2.',0,'2013-07-17 23:40:42'),
	(14,16,1,'4.',0,'2013-07-17 23:43:13');

/*!40000 ALTER TABLE `event_comments` ENABLE KEYS */;
UNLOCK TABLES;


# Dump of table event_dates
# ------------------------------------------------------------

DROP TABLE IF EXISTS `event_dates`;

CREATE TABLE `event_dates` (
  `id` int(11) unsigned NOT NULL AUTO_INCREMENT,
  `event` int(11) unsigned NOT NULL,
  `user` int(11) unsigned NOT NULL,
  `start` timestamp NOT NULL DEFAULT CURRENT_TIMESTAMP ON UPDATE CURRENT_TIMESTAMP,
  `end` timestamp NULL DEFAULT NULL,
  PRIMARY KEY (`id`)
) ENGINE=InnoDB DEFAULT CHARSET=utf8;

LOCK TABLES `event_dates` WRITE;
/*!40000 ALTER TABLE `event_dates` DISABLE KEYS */;

INSERT INTO `event_dates` (`id`, `event`, `user`, `start`, `end`)
VALUES
	(1,1,1,'2013-07-07 01:02:03',NULL),
	(2,1,1,'2013-07-10 00:00:00',NULL),
	(3,2,1,'2013-07-17 00:00:00',NULL),
	(4,9,1,'2013-07-10 00:00:00',NULL),
	(5,10,16,'2013-07-18 00:00:00',NULL);

/*!40000 ALTER TABLE `event_dates` ENABLE KEYS */;
UNLOCK TABLES;


# Dump of table event_invites
# ------------------------------------------------------------

DROP TABLE IF EXISTS `event_invites`;

CREATE TABLE `event_invites` (
  `event` int(11) unsigned NOT NULL,
  `user` int(11) unsigned NOT NULL,
  `event_token` varchar(64) CHARACTER SET utf8 COLLATE utf8_bin NOT NULL DEFAULT '',
  `notification_scope` varchar(3) CHARACTER SET utf8 COLLATE utf8_bin NOT NULL DEFAULT '*',
  PRIMARY KEY (`user`,`event`)
) ENGINE=InnoDB DEFAULT CHARSET=utf8;

LOCK TABLES `event_invites` WRITE;
/*!40000 ALTER TABLE `event_invites` DISABLE KEYS */;

INSERT INTO `event_invites` (`event`, `user`, `event_token`, `notification_scope`)
VALUES
	(1,1,X'6563334E31504E6E74576B6D56674D593861726E59623634574A70633333674379453275473157495935435F6B2D6A2D644C50396678344256686F6877516A65',X'2A'),
	(9,1,X'722D587A516F38465779596F56513464446F56666F7854754269486B5666584F4337646E5472512D525F78544438566A4E44644141692D475049346D47585054',X'2A'),
	(10,1,X'3856786F793776474B357035514378513957686E575463624471707A7434714659463559534F49736544474C664656686D632D6E503153655334444170794475',X'2A'),
	(16,1,X'4C55743844426E594567334356314577622D4753757A67755370443574554733756C31566A6A426E5A747831475241664E515962474374574D6C6C7756416E44',X'2A'),
	(17,1,X'62305F6A56534E49386C316579746C6D68707145705673744446736B4744565262796D37424C703844714630336D563566766F597139527A33475F67664A4664',X'2A'),
	(10,16,X'49307A6937566C7075347664564C655F733661784F44427859676F35797078435F5A7A555F6A5A376874716E4B6E4F35555A547A2D586A594336627365474F61',X'2A'),
	(11,16,X'6C4E6B6D3876326D774F5F375F31383743364D68746151626E6E50725F4E644E44664230425F39793072566A68543265314C4256796F3567446733726E326E64',X'2A'),
	(12,16,X'743476646D346F526152703261756965304B426D4553502D5849667130447170676D5966654A2D626B663530704E714451364E5930425832675F776E51797844',X'2A'),
	(13,16,X'5544456C352D693533433233667A5375363337306D764D3139415A6F532D754F69374868736D554E7355394F6F42435169494442664B5759537761635A4C7463',X'2A'),
	(14,16,X'684A7973444D52494643386A746A7738516F737A5A5961437A70634E5337595866684730367650764F4D734F4C6A6C617838657057672D596171306F69446A4E',X'2A'),
	(15,16,X'4378634A4D7A33515A4B7357655448706E4833704842516A5566636C4F6F7A5877324C66794B4F374F4D39343966616F48364E69786969576A5459796473466B',X'2A'),
	(14,17,X'6676612D6C5F5461733253534E69792D566849464F706F4B593045657264344151735A6A52624E65415557387148426B7A316D41503841326E365264776C3076',X'2A'),
	(10,21,X'34385F615571775048727230334F58546430665439736A62612D6142324A7479613471797A6C4E3348545456396A3430343942346E5F4B794A58696872744467',X'2A'),
	(10,22,X'4D764E75464F6E6E717A393853326D3759687434676A5150623230446A4850356E4874434C357A6E4E50507747636C594458746F4538695232764B736C5A4D43',X'2A'),
	(10,23,X'3863394B666E4C4B6436325A394433614961676B4A4F7636795972764E6957766543715139355033533863456C534E364A6D545875726C72343241647A347266',X'2A'),
	(10,24,X'33764F36454A453348734F43677846502D6F4F31706F4A38374A62666E644A56334A53615176707844474F4A377A2D4F676E3134625A55687173574E6B757277',X'2A');

/*!40000 ALTER TABLE `event_invites` ENABLE KEYS */;
UNLOCK TABLES;


# Dump of table event_locations
# ------------------------------------------------------------

DROP TABLE IF EXISTS `event_locations`;

CREATE TABLE `event_locations` (
  `id` int(11) unsigned NOT NULL AUTO_INCREMENT,
  `event` int(11) NOT NULL,
  `title` varchar(200) DEFAULT NULL,
  `lat` float DEFAULT NULL,
  `lng` float DEFAULT NULL,
  PRIMARY KEY (`id`)
) ENGINE=InnoDB DEFAULT CHARSET=utf8;



# Dump of table event_votes
# ------------------------------------------------------------

DROP TABLE IF EXISTS `event_votes`;

CREATE TABLE `event_votes` (
  `user` int(11) unsigned NOT NULL,
  `type` enum('date','activity','','') NOT NULL,
  `choice` int(11) unsigned NOT NULL
) ENGINE=InnoDB DEFAULT CHARSET=utf8;

LOCK TABLES `event_votes` WRITE;
/*!40000 ALTER TABLE `event_votes` DISABLE KEYS */;

INSERT INTO `event_votes` (`user`, `type`, `choice`)
VALUES
	(1,'activity',2),
	(1,'date',3),
	(16,'date',5),
	(16,'activity',4),
	(1,'date',1),
	(1,'date',2);

/*!40000 ALTER TABLE `event_votes` ENABLE KEYS */;
UNLOCK TABLES;


# Dump of table events
# ------------------------------------------------------------

DROP TABLE IF EXISTS `events`;

CREATE TABLE `events` (
  `id` int(11) unsigned NOT NULL AUTO_INCREMENT,
  `user` int(11) unsigned NOT NULL,
  `title` varchar(50) NOT NULL,
  `description` varchar(160) DEFAULT NULL,
  `final_date` int(11) unsigned DEFAULT NULL,
  `final_activity` int(11) unsigned DEFAULT NULL,
  `final_location` int(11) unsigned DEFAULT NULL,
  `deadline` date DEFAULT NULL,
  `created_at` timestamp NOT NULL DEFAULT CURRENT_TIMESTAMP,
  `top_date` int(11) DEFAULT NULL,
  `top_activity` int(11) DEFAULT NULL,
  PRIMARY KEY (`id`)
) ENGINE=InnoDB DEFAULT CHARSET=utf8;

LOCK TABLES `events` WRITE;
/*!40000 ALTER TABLE `events` DISABLE KEYS */;

INSERT INTO `events` (`id`, `user`, `title`, `description`, `final_date`, `final_activity`, `final_location`, `deadline`, `created_at`, `top_date`, `top_activity`)
VALUES
	(1,1,'Yeaha','Whoopwhoop',NULL,NULL,NULL,NULL,'2013-06-14 21:09:18',NULL,NULL),
	(9,1,'sub','asd',NULL,NULL,NULL,NULL,'2013-07-15 21:25:07',NULL,NULL),
	(10,16,'Circus','Let&#039;s go there',NULL,NULL,NULL,NULL,'2013-07-16 00:12:25',NULL,NULL),
	(11,16,'Title',NULL,NULL,NULL,NULL,NULL,'2013-07-16 00:18:42',NULL,NULL),
	(12,16,'Brad\'s BD','okay, what should we get him?',NULL,NULL,NULL,NULL,'2013-07-16 00:24:48',NULL,NULL),
	(13,16,'Test',NULL,NULL,NULL,NULL,NULL,'2013-07-16 00:30:30',NULL,NULL),
	(14,16,'Circus','Heyg',NULL,NULL,NULL,NULL,'2013-07-16 00:37:38',NULL,NULL),
	(15,16,'asdasd',NULL,NULL,NULL,NULL,NULL,'2013-07-16 01:33:03',NULL,NULL),
	(16,1,'YOO!',NULL,NULL,NULL,NULL,NULL,'2013-07-16 10:10:13',NULL,NULL),
	(17,1,'Okay.',NULL,NULL,NULL,NULL,NULL,'2013-07-18 00:38:42',NULL,NULL);

/*!40000 ALTER TABLE `events` ENABLE KEYS */;
UNLOCK TABLES;


# Dump of table user_communication_channels
# ------------------------------------------------------------

DROP TABLE IF EXISTS `user_communication_channels`;

CREATE TABLE `user_communication_channels` (
  `id` int(11) unsigned NOT NULL AUTO_INCREMENT,
  `user` int(11) unsigned NOT NULL,
  `type` enum('facebook','email','mobile','') CHARACTER SET utf8 NOT NULL DEFAULT '',
  `value` varchar(256) CHARACTER SET utf8 NOT NULL,
  `active` tinyint(1) NOT NULL DEFAULT '1',
  `is_bound` tinyint(1) NOT NULL DEFAULT '0',
  PRIMARY KEY (`id`)
) ENGINE=InnoDB DEFAULT CHARSET=latin1;

LOCK TABLES `user_communication_channels` WRITE;
/*!40000 ALTER TABLE `user_communication_channels` DISABLE KEYS */;

INSERT INTO `user_communication_channels` (`id`, `user`, `type`, `value`, `active`, `is_bound`)
VALUES
	(1,1,'email','maximilian@localhost',1,1),
	(8,16,'email','asd@web.de',1,1),
	(9,17,'email','test@localhost',1,0),
	(10,22,'email','aimed@gmx.net',1,0),
	(11,23,'email','test2@localhost',1,0),
	(12,24,'email','test3@localhost',1,0);

/*!40000 ALTER TABLE `user_communication_channels` ENABLE KEYS */;
UNLOCK TABLES;


# Dump of table users
# ------------------------------------------------------------

DROP TABLE IF EXISTS `users`;

CREATE TABLE `users` (
  `id` int(11) unsigned NOT NULL AUTO_INCREMENT,
  `password` text,
  `first_name` varchar(50) DEFAULT NULL,
  `last_name` varchar(50) DEFAULT NULL,
  `profile_image` varchar(255) DEFAULT '/assets/img/default_profile_image.png',
  `locale` char(5) CHARACTER SET utf8 COLLATE utf8_bin NOT NULL DEFAULT 'en_EN',
  `created_at` timestamp NOT NULL DEFAULT CURRENT_TIMESTAMP,
  `is_default_image` tinyint(1) DEFAULT '1',
  `allow_name_change` tinyint(1) DEFAULT '0',
  PRIMARY KEY (`id`)
) ENGINE=InnoDB DEFAULT CHARSET=utf8;

LOCK TABLES `users` WRITE;
/*!40000 ALTER TABLE `users` DISABLE KEYS */;

INSERT INTO `users` (`id`, `password`, `first_name`, `last_name`, `profile_image`, `locale`, `created_at`, `is_default_image`, `allow_name_change`)
VALUES
	(1,'DW8LiO7AY7oGgDWijnPxGeTZY/sagDWSU/8','Max','Ta','/assets/img/default_profile_image.png',X'656E5F454E','2013-06-14 21:09:18',1,0),
	(16,'R5VGGTdW8mSvAR5sViMcgtAt1y0pX0ih/Cc','Max',NULL,'/assets/img/default_profile_image.png',X'656E5F454E','2013-07-16 00:10:52',1,0),
	(17,NULL,'asd','asd','/assets/img/default_profile_image.png',X'656E5F454E','2013-07-16 00:37:38',1,0),
	(18,'Mb/uu9OcT/rqEMb0FSU4vJpPOhj0Zrwe6sF',NULL,NULL,'/assets/img/default_profile_image.png',X'656E5F454E','2013-07-16 00:45:38',1,0),
	(19,'wnsHtg5yxfn.Ewn5VRZWWvsBeCbJEvgG0KY',NULL,NULL,'/assets/img/default_profile_image.png',X'656E5F454E','2013-07-16 01:27:02',1,0),
	(20,'9iXZG40vH/d369iyh95Dl0ew40jkxI1kHKu',NULL,NULL,'/assets/img/default_profile_image.png',X'656E5F454E','2013-07-16 01:33:13',1,0),
	(21,NULL,NULL,NULL,'/assets/img/default_profile_image.png',X'656E5F454E','2013-07-16 01:44:38',1,0),
	(22,NULL,NULL,NULL,'/assets/img/default_profile_image.png',X'656E5F454E','2013-07-16 01:45:31',1,0),
	(23,NULL,NULL,NULL,'/assets/img/default_profile_image.png',X'656E5F454E','2013-07-16 01:48:08',1,0),
	(24,NULL,'Peter',NULL,'/assets/img/default_profile_image.png',X'656E5F454E','2013-07-16 01:49:22',1,0),
	(25,'Vwg6h/cnq1B7kVwuEzQRnwarzWRqKmgyP4d',NULL,NULL,'/assets/img/default_profile_image.png',X'656E5F454E','2013-07-16 02:05:03',1,0),
	(26,'QjgR8LzTqGlfIQjtuhNqTpZtIEiqJgvC7/c',NULL,NULL,'/assets/img/default_profile_image.png',X'656E5F454E','2013-07-16 02:35:35',1,0);

/*!40000 ALTER TABLE `users` ENABLE KEYS */;
UNLOCK TABLES;


# Dump of table verification_tokens
# ------------------------------------------------------------

DROP TABLE IF EXISTS `verification_tokens`;

CREATE TABLE `verification_tokens` (
  `reference` int(11) unsigned DEFAULT NULL,
  `type` enum('signup','channel','password','') NOT NULL DEFAULT '',
  `token` varchar(64) CHARACTER SET utf8 COLLATE utf8_bin NOT NULL,
  `data` text,
  `date` timestamp NOT NULL DEFAULT CURRENT_TIMESTAMP,
  UNIQUE KEY `reference` (`reference`,`type`)
) ENGINE=InnoDB DEFAULT CHARSET=utf8;

LOCK TABLES `verification_tokens` WRITE;
/*!40000 ALTER TABLE `verification_tokens` DISABLE KEYS */;

INSERT INTO `verification_tokens` (`reference`, `type`, `token`, `data`, `date`)
VALUES
	(2,'signup',X'4841754F7576494A3834336F434B334763365279306C786A5F75454B484341434648304D4162466345456849694F695645473750677A724559676A7542784469','O:8:\"stdClass\":2:{s:8:\"password\";s:8:\"password\";s:4:\"user\";s:1:\"2\";}','2013-07-15 23:22:04');

/*!40000 ALTER TABLE `verification_tokens` ENABLE KEYS */;
UNLOCK TABLES;



/*!40111 SET SQL_NOTES=@OLD_SQL_NOTES */;
/*!40101 SET SQL_MODE=@OLD_SQL_MODE */;
/*!40014 SET FOREIGN_KEY_CHECKS=@OLD_FOREIGN_KEY_CHECKS */;
/*!40101 SET CHARACTER_SET_CLIENT=@OLD_CHARACTER_SET_CLIENT */;
/*!40101 SET CHARACTER_SET_RESULTS=@OLD_CHARACTER_SET_RESULTS */;
/*!40101 SET COLLATION_CONNECTION=@OLD_COLLATION_CONNECTION */;
